{"cameraMode":{"drawMode":0,"name":"Shaded","section":"Shading Mode"},"sceneLighting":true,"audioPlay":false,"sceneViewState":{"m_AlwaysRefresh":false,"showFog":true,"showSkybox":true,"showFlares":true,"showImageEffects":true,"showParticleSystems":true,"showVisualEffectGraphs":true,"m_FxEnabled":true},"in2DMode":false,"pivot":{"x":-18.37256622314453,"y":6.9535040855407719,"z":5.751985549926758},"rotation":{"x":-0.08091972768306732,"y":0.9163198471069336,"z":-0.31411194801330569,"w":-0.2352447509765625},"size":0.18897941708564759,"orthographic":false}